0x095768e52dc0e7702dd2784cfcdd919a04b6e4d0,1
0x0a72c6810199310abd6ca1b5a5364b5550205e91,1
0x0ac6cb70abc03524643fc22f870ce961ee8fdae2,1
0x0b0a60d375f8ff99611d8b579d835c24eddfc105,1
0x0cb961e87f6b7a7ce4e92d1ba653e2a2b5b1d9b9,1
0x0d17f2a6858f100492d0dd741d471c91d582c60a,1
0x130fa4ac8eded3d7667a4ba550967b5f7fecf32c,1
0x14e9e4f62a085750b874863c7ece73b2c89cd1c2,1
0x164d874b162913646f95f16392ada2615069e235,1
0x18e0f9aadde970d74430cc8636a381ccfcd1f559,1
0x1ad11be68524124741b32c479883403760b72933,1
0x21301d901db04724597d1b6012ac49878157580d,1
0x257766e0a7425cdf99548c7c75db0ea6d0585b28,1
0x263108604e0c9e1f6cdcf698e160cd563635a328,1
0x26c8e9884a1927d3558e268d0f7ab42cc42ab742,1
0x28d8e6dc0da65e2c342d6ba5123fdf9e5ddd94ad,1
0x2ce780d7c743a57791b835a9d6f998b15bbba5a4,1
0x30b4a5477314e3fbd0c22d6afcd71eecf4d9d22f,1
0x34383a9f83c86eceb3748fb89fd9be2805c8b02c,1
0x346b62a8c8377c4fcadebad58df9f748748e73b7,1
0x361084af8d45e07885b31fcedcb642b9cc7b72d7,1
0x37b7458c5f14822bf423965aed077a20269011c5,1
0x3954f5742ffe4e3dc5e0a1ffa220605bbedd8a9d,1
0x3a7c8cc17fdcab6f7ac1eed62a4559021bd115fd,1
0x3ede152d4f31444c1a95bd01b987258f9db33fc2,1
0x3ee300c9185c796e51dc1a6b3d8aa79643e9d840,1
0x4265d230d2d54010d853b107848fc6e0b64c9c24,1
0x45408811ad1912a7f0c39e71ea6c95190cd250df,1
0x47d663e837c84f3fd6ab1e02a347ba2e0423cbc5,1
0x4af04e84c81343b2fe36732460f7f334c9ce6369,1
0x4beb1095c8cb7a51eb876a5a4b54a2879f785b03,1
0x5079ac0ec3848744b48a5ed37216620c03619c01,1
0x513a36ad32552a8939697d12a342f8ecb124bd61,1
0x54043e2ddb35c0c469aeb73d6f14d8b0856346d9,1
0x57b073bfdb9ea6dfc1dd01a67dd760ce04326631,1
0x600c33790df27499f094b181124df8358c4d41aa,1
0x65ba4f92d7dfa813ddbd849d9faf38a723dd9b12,1
0x67a42771658c8f1ce95cbd26cf7536034b0aacdb,1
0x6868f218ee21d9c0c717495a1ae2f668c4e1840e,1
0x6a3bdee410267d864d7ae93f52773a74b957e3b1,1
0x792b37c2244ecc0bc18ad193498f17b27efae7d9,1
0x7b9f201d0b4fdecf2440c2ac0eab3a4fcb57be90,1
0x7bc93c819a168f1f684c17f4f44afa9cb52d5184,1
0x7c5db18fe5954a14715507c8a01faba69aa770d3,1
0x8284ab17cbfece9be432f9697ad4febbf2ab67a0,1
0x87885aaeeded51c7e3858a782644f5d89759f245,1
0x8b4318f0b490ef42ed93812c4b00586bcc5a5b47,1
0x8ca44a12c3a27a27df83f82e10a62ef7cf7ba45b,1
0x931d24f3dede331bfd02a1aa855e9cbf7f0ea2e7,1
0x9576cb54b5013da91c732071feb4f8eb778a474c,1
0x966d5bbea5093a3307a03bbdb511326dc70ab27c,1
0x9bf5eb0bd59fb1c3028e6a70d7c395eb0940385c,1
0x9c2578c5757e28c99d07ef965f3c956623456832,1
0xa4f06f03a35909274b16f5c423e4cdf07bcd3fc0,1
0xa68a491bc46d95a4bc5e1c102306882a39ea9b48,1
0xa6e59b844891e619801b298f4f0af52054513a3c,1
0xa83fa9c834bb5abe25f9c56eb5845b3203df94f2,1
0xa89e480cf9c8d54866f1e0bc933c44956e23fe19,1
0xaae6e2a2d10cfe076937a0858fd202684fa8460a,1
0xb136c6a1eb83d0b4b8e4574f28e622a57f8ef01a,1
0xb1e3a7e19e27e047e66a0499e7dd0b052991035a,1
0xb226f80547cad4270e7ec04477a18cf1e941a337,1
0xb4374bd294601a2b69dc6c0de1243f047ebe6e29,1
0xb7f66e69cbebb0c81cdb32eca0c4a5bd162bd709,1
0xbebbe491e0f9422f427e8ca45fdc3575aa258d18,1
0xbf24d26b534a19e4f09c0b698b2cbfff820a452e,1
0xc2d11c0ac4ad5aa6667536d7a605f3948d97ee2a,1
0xc49caa584f657ff798d5ad3c079ef10a2e6bef24,1
0xc72649f73d7a6fb87ce7e43d186197f51283735b,1
0xc9df79fe514b75cc9f372cd32c8ee6ebda699bb4,1
0xca456d71f0cc61dc27bd28a8e7f7b15bce91fa05,1
0xcafb98282f5ae4aa9083e031981e980cff1d9a79,1
0xcebb48fa75c8d4a339c7bfd85a80748b59df6302,1
0xd30b579be7da30c903c96c7de3729f8977e614e4,1
0xd591f0acd62acee91bca36ea0631636c37c04aa6,1
0xdcce7c69ce518911e3aef1f3454b2083afb1c8a0,1
0xe2d481cdd32f67ea3a07e416f45927830acc273b,1
0xe340b00b6b622c136ffa5cff130ec8edcddcb39d,1
0xf3a16fa6f7d31c67858417354fc35a9a7162cb90,1
0xf3bda35fc4348127e6d67240adbee20aa2bedffb,1
0xf5731ba57f5648562d159e912cbc2e921c8cd5d5,1
0xf6051ddcc9d58bb94535d9b3bf1f52c20f92e8f1,1
0xf723d05f10e8503feaba5cfbb9a5513eb8ecbfd6,1
0xf8c75c5e9ec6875c57c0dbc30b59934b37908c4e,1
0xfb68ce52ba88d6b0cc0c614624b0dd89f42181bf,1
0xfde6091c4fb6d2dbfc8448b411c8f292414c9624,1